series_id,surface
0,soft_pvc
1,wood
2,concrete
3,wood
4,concrete
5,carpet
6,wood
7,concrete
8,soft_tiles
9,wood
10,wood
11,soft_pvc
12,soft_pvc
13,tiled
14,soft_tiles
15,tiled
16,soft_pvc
17,soft_pvc
18,concrete
19,soft_tiles
20,tiled
21,carpet
22,wood
23,hard_tiles_large_space
24,tiled
25,soft_pvc
26,wood
27,concrete
28,wood
29,soft_tiles
30,concrete
31,concrete
32,carpet
33,tiled
34,tiled
35,tiled
36,soft_pvc
37,wood
38,carpet
39,concrete
40,hard_tiles_large_space
41,fine_concrete
42,soft_pvc
43,concrete
44,concrete
45,concrete
46,concrete
47,tiled
48,tiled
49,soft_tiles
50,tiled
51,hard_tiles_large_space
52,concrete
53,soft_pvc
54,carpet
55,concrete
56,soft_tiles
57,tiled
58,soft_tiles
59,fine_concrete
60,tiled
61,concrete
62,wood
63,wood
64,tiled
65,wood
66,concrete
67,soft_pvc
68,concrete
69,concrete
70,concrete
71,fine_concrete
72,soft_pvc
73,soft_tiles
74,concrete
75,soft_tiles
76,soft_tiles
77,soft_tiles
78,fine_concrete
79,concrete
80,wood
81,fine_concrete
82,concrete
83,soft_pvc
84,concrete
85,soft_pvc
86,soft_pvc
87,soft_pvc
88,wood
89,soft_pvc
90,soft_pvc
91,wood
92,concrete
93,wood
94,soft_pvc
95,wood
96,tiled
97,soft_pvc
98,soft_pvc
99,concrete
100,concrete
101,soft_pvc
102,soft_tiles
103,tiled
104,concrete
105,soft_tiles
106,tiled
107,tiled
108,hard_tiles_large_space
109,concrete
110,concrete
111,fine_concrete
112,concrete
113,carpet
114,tiled
115,wood
116,concrete
117,wood
118,soft_tiles
119,soft_pvc
120,wood
121,soft_tiles
122,soft_pvc
123,concrete
124,tiled
125,carpet
126,tiled
127,wood
128,concrete
129,soft_tiles
130,soft_pvc
131,concrete
132,tiled
133,wood
134,tiled
135,wood
136,tiled
137,soft_pvc
138,hard_tiles_large_space
139,fine_concrete
140,concrete
141,carpet
142,concrete
143,tiled
144,tiled
145,soft_pvc
146,concrete
147,concrete
148,carpet
149,hard_tiles_large_space
150,concrete
151,tiled
152,soft_pvc
153,wood
154,concrete
155,concrete
156,fine_concrete
157,concrete
158,carpet
159,hard_tiles
160,wood
161,hard_tiles_large_space
162,concrete
163,wood
164,hard_tiles_large_space
165,soft_tiles
166,wood
167,wood
168,tiled
169,tiled
170,concrete
171,wood
172,soft_pvc
173,wood
174,soft_tiles
175,soft_pvc
176,wood
177,concrete
178,soft_pvc
179,wood
180,wood
181,concrete
182,soft_pvc
183,soft_tiles
184,concrete
185,concrete
186,soft_pvc
187,concrete
188,hard_tiles_large_space
189,concrete
190,soft_pvc
191,concrete
192,concrete
193,soft_pvc
194,concrete
195,tiled
196,hard_tiles_large_space
197,soft_tiles
198,tiled
199,wood
200,concrete
201,wood
202,tiled
203,concrete
204,concrete
205,soft_pvc
206,soft_pvc
207,concrete
208,fine_concrete
209,concrete
210,fine_concrete
211,concrete
212,concrete
213,wood
214,wood
215,fine_concrete
216,hard_tiles_large_space
217,wood
218,carpet
219,fine_concrete
220,tiled
221,concrete
222,concrete
223,soft_tiles
224,tiled
225,soft_pvc
226,concrete
227,concrete
228,fine_concrete
229,fine_concrete
230,concrete
231,soft_pvc
232,concrete
233,concrete
234,soft_pvc
235,fine_concrete
236,wood
237,soft_pvc
238,fine_concrete
239,wood
240,soft_tiles
241,concrete
242,soft_pvc
243,concrete
244,wood
245,hard_tiles_large_space
246,concrete
247,fine_concrete
248,concrete
249,soft_tiles
250,soft_pvc
251,fine_concrete
252,hard_tiles_large_space
253,concrete
254,concrete
255,soft_pvc
256,soft_pvc
257,tiled
258,wood
259,wood
260,soft_tiles
261,concrete
262,soft_tiles
263,soft_pvc
264,concrete
265,soft_pvc
266,tiled
267,concrete
268,wood
269,hard_tiles_large_space
270,fine_concrete
271,concrete
272,carpet
273,fine_concrete
274,fine_concrete
275,concrete
276,soft_tiles
277,concrete
278,fine_concrete
279,fine_concrete
280,wood
281,tiled
282,wood
283,tiled
284,soft_pvc
285,wood
286,wood
287,fine_concrete
288,hard_tiles_large_space
289,concrete
290,concrete
291,fine_concrete
292,concrete
293,concrete
294,soft_pvc
295,soft_tiles
296,soft_pvc
297,concrete
298,soft_tiles
299,tiled
300,concrete
301,soft_pvc
302,concrete
303,soft_tiles
304,concrete
305,concrete
306,soft_tiles
307,hard_tiles_large_space
308,wood
309,soft_tiles
310,wood
311,soft_tiles
312,soft_pvc
313,wood
314,soft_tiles
315,soft_pvc
316,wood
317,concrete
318,wood
319,soft_pvc
320,soft_pvc
321,soft_pvc
322,fine_concrete
323,concrete
324,tiled
325,fine_concrete
326,tiled
327,soft_tiles
328,hard_tiles_large_space
329,concrete
330,fine_concrete
331,tiled
332,fine_concrete
333,concrete
334,tiled
335,tiled
336,soft_tiles
337,soft_pvc
338,concrete
339,wood
340,fine_concrete
341,tiled
342,concrete
343,soft_pvc
344,wood
345,wood
346,carpet
347,concrete
348,concrete
349,soft_tiles
350,tiled
351,fine_concrete
352,wood
353,wood
354,concrete
355,tiled
356,concrete
357,wood
358,wood
359,wood
360,soft_tiles
361,concrete
362,wood
363,soft_pvc
364,hard_tiles_large_space
365,soft_pvc
366,hard_tiles
367,soft_tiles
368,soft_pvc
369,tiled
370,fine_concrete
371,tiled
372,wood
373,concrete
374,soft_pvc
375,hard_tiles_large_space
376,soft_tiles
377,wood
378,tiled
379,concrete
380,tiled
381,wood
382,soft_tiles
383,carpet
384,soft_pvc
385,soft_tiles
386,soft_pvc
387,wood
388,hard_tiles_large_space
389,concrete
390,soft_pvc
391,wood
392,wood
393,concrete
394,wood
395,wood
396,tiled
397,concrete
398,concrete
399,fine_concrete
400,soft_pvc
401,soft_tiles
402,tiled
403,wood
404,tiled
405,concrete
406,fine_concrete
407,wood
408,concrete
409,tiled
410,tiled
411,fine_concrete
412,fine_concrete
413,soft_tiles
414,concrete
415,tiled
416,soft_tiles
417,concrete
418,concrete
419,soft_pvc
420,wood
421,soft_tiles
422,fine_concrete
423,concrete
424,wood
425,wood
426,concrete
427,concrete
428,fine_concrete
429,soft_tiles
430,carpet
431,soft_tiles
432,tiled
433,soft_pvc
434,soft_pvc
435,soft_pvc
436,wood
437,soft_tiles
438,wood
439,soft_pvc
440,soft_pvc
441,tiled
442,hard_tiles_large_space
443,concrete
444,tiled
445,concrete
446,tiled
447,carpet
448,soft_pvc
449,hard_tiles_large_space
450,concrete
451,wood
452,soft_pvc
453,concrete
454,concrete
455,wood
456,fine_concrete
457,concrete
458,concrete
459,fine_concrete
460,hard_tiles_large_space
461,tiled
462,concrete
463,soft_tiles
464,tiled
465,tiled
466,soft_pvc
467,wood
468,soft_pvc
469,concrete
470,wood
471,fine_concrete
472,tiled
473,concrete
474,concrete
475,concrete
476,wood
477,soft_pvc
478,soft_pvc
479,wood
480,hard_tiles_large_space
481,concrete
482,wood
483,wood
484,wood
485,concrete
486,soft_pvc
487,soft_pvc
488,soft_pvc
489,concrete
490,wood
491,tiled
492,soft_pvc
493,concrete
494,soft_pvc
495,concrete
496,concrete
497,soft_tiles
498,soft_tiles
499,wood
500,wood
501,concrete
502,soft_pvc
503,wood
504,tiled
505,concrete
506,concrete
507,hard_tiles_large_space
508,fine_concrete
509,soft_pvc
510,tiled
511,tiled
512,fine_concrete
513,wood
514,concrete
515,fine_concrete
516,fine_concrete
517,carpet
518,concrete
519,soft_pvc
520,wood
521,soft_pvc
522,hard_tiles_large_space
523,wood
524,hard_tiles_large_space
525,hard_tiles_large_space
526,wood
527,tiled
528,wood
529,soft_pvc
530,tiled
531,fine_concrete
532,wood
533,concrete
534,tiled
535,wood
536,concrete
537,wood
538,soft_tiles
539,soft_tiles
540,concrete
541,concrete
542,wood
543,tiled
544,wood
545,hard_tiles_large_space
546,tiled
547,concrete
548,wood
549,soft_pvc
550,soft_tiles
551,concrete
552,concrete
553,wood
554,concrete
555,concrete
556,fine_concrete
557,fine_concrete
558,wood
559,concrete
560,wood
561,concrete
562,concrete
563,soft_pvc
564,soft_tiles
565,wood
566,concrete
567,soft_tiles
568,tiled
569,soft_tiles
570,concrete
571,concrete
572,concrete
573,carpet
574,soft_tiles
575,concrete
576,concrete
577,soft_pvc
578,carpet
579,wood
580,soft_pvc
581,tiled
582,soft_pvc
583,fine_concrete
584,hard_tiles_large_space
585,fine_concrete
586,tiled
587,tiled
588,soft_pvc
589,soft_pvc
590,wood
591,soft_tiles
592,soft_pvc
593,soft_tiles
594,wood
595,soft_pvc
596,concrete
597,hard_tiles_large_space
598,tiled
599,wood
600,fine_concrete
601,wood
602,concrete
603,tiled
604,wood
605,concrete
606,soft_pvc
607,soft_pvc
608,fine_concrete
609,concrete
610,concrete
611,concrete
612,wood
613,wood
614,concrete
615,fine_concrete
616,concrete
617,wood
618,concrete
619,wood
620,concrete
621,concrete
622,fine_concrete
623,concrete
624,wood
625,concrete
626,tiled
627,hard_tiles_large_space
628,soft_pvc
629,tiled
630,hard_tiles_large_space
631,soft_pvc
632,tiled
633,concrete
634,tiled
635,wood
636,hard_tiles_large_space
637,concrete
638,tiled
639,soft_pvc
640,fine_concrete
641,wood
642,hard_tiles_large_space
643,soft_pvc
644,wood
645,hard_tiles_large_space
646,wood
647,concrete
648,concrete
649,soft_tiles
650,soft_pvc
651,soft_pvc
652,soft_pvc
653,tiled
654,concrete
655,wood
656,soft_tiles
657,soft_tiles
658,soft_tiles
659,soft_pvc
660,tiled
661,concrete
662,soft_tiles
663,soft_pvc
664,concrete
665,concrete
666,concrete
667,wood
668,soft_pvc
669,wood
670,soft_pvc
671,concrete
672,soft_pvc
673,soft_pvc
674,concrete
675,soft_pvc
676,soft_pvc
677,soft_pvc
678,soft_tiles
679,wood
680,concrete
681,concrete
682,soft_pvc
683,soft_pvc
684,concrete
685,concrete
686,wood
687,tiled
688,tiled
689,wood
690,tiled
691,soft_pvc
692,soft_pvc
693,tiled
694,concrete
695,concrete
696,concrete
697,tiled
698,wood
699,soft_tiles
700,concrete
701,wood
702,tiled
703,wood
704,tiled
705,concrete
706,concrete
707,hard_tiles
708,tiled
709,concrete
710,tiled
711,fine_concrete
712,wood
713,concrete
714,wood
715,tiled
716,concrete
717,soft_pvc
718,concrete
719,wood
720,tiled
721,wood
722,concrete
723,wood
724,carpet
725,soft_pvc
726,soft_pvc
727,concrete
728,tiled
729,wood
730,wood
731,concrete
732,fine_concrete
733,concrete
734,wood
735,tiled
736,fine_concrete
737,concrete
738,concrete
739,concrete
740,concrete
741,soft_tiles
742,soft_tiles
743,tiled
744,wood
745,concrete
746,soft_tiles
747,fine_concrete
748,soft_tiles
749,tiled
750,wood
751,wood
752,hard_tiles_large_space
753,concrete
754,wood
755,wood
756,tiled
757,wood
758,concrete
759,concrete
760,wood
761,concrete
762,soft_pvc
763,wood
764,wood
765,wood
766,tiled
767,wood
768,wood
769,fine_concrete
770,concrete
771,carpet
772,wood
773,tiled
774,tiled
775,soft_pvc
776,concrete
777,wood
778,soft_pvc
779,wood
780,tiled
781,soft_pvc
782,soft_pvc
783,concrete
784,tiled
785,soft_tiles
786,wood
787,concrete
788,fine_concrete
789,soft_pvc
790,soft_tiles
791,tiled
792,fine_concrete
793,soft_pvc
794,tiled
795,soft_tiles
796,soft_tiles
797,fine_concrete
798,soft_pvc
799,soft_pvc
800,hard_tiles_large_space
801,fine_concrete
802,soft_tiles
803,tiled
804,soft_pvc
805,tiled
806,tiled
807,wood
808,wood
809,tiled
810,tiled
811,soft_tiles
812,tiled
813,wood
814,soft_pvc
815,soft_pvc
816,wood
817,concrete
818,soft_pvc
819,wood
820,wood
821,concrete
822,concrete
823,concrete
824,hard_tiles_large_space
825,fine_concrete
826,wood
827,soft_pvc
828,soft_tiles
829,soft_pvc
830,wood
831,soft_tiles
832,concrete
833,tiled
834,concrete
835,concrete
836,tiled
837,soft_pvc
838,wood
839,wood
840,wood
841,wood
842,concrete
843,hard_tiles_large_space
844,fine_concrete
845,wood
846,wood
847,fine_concrete
848,concrete
849,carpet
850,soft_pvc
851,concrete
852,concrete
853,concrete
854,hard_tiles_large_space
855,soft_tiles
856,soft_pvc
857,tiled
858,carpet
859,wood
860,wood
861,concrete
862,fine_concrete
863,concrete
864,soft_pvc
865,wood
866,wood
867,soft_pvc
868,wood
869,tiled
870,soft_pvc
871,fine_concrete
872,soft_pvc
873,concrete
874,carpet
875,concrete
876,concrete
877,hard_tiles_large_space
878,concrete
879,wood
880,wood
881,soft_pvc
882,tiled
883,hard_tiles_large_space
884,tiled
885,tiled
886,tiled
887,fine_concrete
888,wood
889,concrete
890,tiled
891,fine_concrete
892,fine_concrete
893,concrete
894,fine_concrete
895,soft_tiles
896,tiled
897,tiled
898,tiled
899,hard_tiles_large_space
900,concrete
901,concrete
902,tiled
903,tiled
904,tiled
905,concrete
906,wood
907,wood
908,carpet
909,concrete
910,concrete
911,wood
912,tiled
913,wood
914,concrete
915,wood
916,fine_concrete
917,wood
918,soft_pvc
919,concrete
920,hard_tiles_large_space
921,concrete
922,concrete
923,wood
924,hard_tiles_large_space
925,wood
926,concrete
927,concrete
928,soft_pvc
929,wood
930,soft_tiles
931,soft_tiles
932,tiled
933,tiled
934,fine_concrete
935,tiled
936,wood
937,soft_tiles
938,fine_concrete
939,wood
940,soft_pvc
941,concrete
942,carpet
943,wood
944,wood
945,tiled
946,fine_concrete
947,concrete
948,hard_tiles_large_space
949,wood
950,soft_tiles
951,wood
952,soft_tiles
953,wood
954,concrete
955,tiled
956,concrete
957,concrete
958,fine_concrete
959,wood
960,wood
961,concrete
962,tiled
963,wood
964,carpet
965,tiled
966,fine_concrete
967,fine_concrete
968,soft_pvc
969,carpet
970,hard_tiles_large_space
971,concrete
972,wood
973,soft_pvc
974,soft_pvc
975,tiled
976,tiled
977,soft_tiles
978,tiled
979,soft_tiles
980,concrete
981,wood
982,tiled
983,wood
984,wood
985,concrete
986,soft_pvc
987,tiled
988,soft_tiles
989,soft_tiles
990,wood
991,soft_tiles
992,tiled
993,concrete
994,concrete
995,soft_pvc
996,tiled
997,concrete
998,concrete
999,wood
1000,tiled
1001,tiled
1002,concrete
1003,soft_pvc
1004,concrete
1005,tiled
1006,concrete
1007,soft_pvc
1008,wood
1009,soft_pvc
1010,wood
1011,hard_tiles_large_space
1012,fine_concrete
1013,soft_pvc
1014,concrete
1015,carpet
1016,wood
1017,wood
1018,hard_tiles_large_space
1019,concrete
1020,soft_tiles
1021,fine_concrete
1022,soft_pvc
1023,soft_tiles
1024,wood
1025,tiled
1026,wood
1027,fine_concrete
1028,concrete
1029,concrete
1030,soft_tiles
1031,fine_concrete
1032,soft_pvc
1033,fine_concrete
1034,wood
1035,tiled
1036,wood
1037,fine_concrete
1038,tiled
1039,soft_pvc
1040,soft_pvc
1041,concrete
1042,soft_tiles
1043,concrete
1044,concrete
1045,wood
1046,carpet
1047,concrete
1048,wood
1049,fine_concrete
1050,soft_tiles
1051,wood
1052,carpet
1053,wood
1054,tiled
1055,concrete
1056,wood
1057,wood
1058,fine_concrete
1059,concrete
1060,wood
1061,concrete
1062,wood
1063,tiled
1064,hard_tiles_large_space
1065,soft_tiles
1066,soft_tiles
1067,concrete
1068,concrete
1069,wood
1070,wood
1071,tiled
1072,wood
1073,soft_pvc
1074,wood
1075,concrete
1076,soft_pvc
1077,concrete
1078,soft_pvc
1079,concrete
1080,tiled
1081,soft_tiles
1082,wood
1083,soft_pvc
1084,carpet
1085,carpet
1086,tiled
1087,tiled
1088,wood
1089,wood
1090,carpet
1091,fine_concrete
1092,concrete
1093,soft_pvc
1094,soft_tiles
1095,soft_tiles
1096,soft_tiles
1097,tiled
1098,soft_tiles
1099,soft_pvc
1100,soft_pvc
1101,concrete
1102,hard_tiles_large_space
1103,concrete
1104,fine_concrete
1105,soft_pvc
1106,concrete
1107,tiled
1108,wood
1109,concrete
1110,concrete
1111,soft_pvc
1112,wood
1113,tiled
1114,concrete
1115,tiled
1116,wood
1117,wood
1118,concrete
1119,wood
1120,tiled
1121,soft_pvc
1122,hard_tiles_large_space
1123,wood
1124,tiled
1125,concrete
1126,hard_tiles_large_space
1127,carpet
1128,concrete
1129,concrete
1130,wood
1131,soft_tiles
1132,carpet
1133,wood
1134,wood
1135,soft_pvc
1136,soft_pvc
1137,hard_tiles
1138,hard_tiles_large_space
1139,concrete
1140,concrete
1141,soft_tiles
1142,wood
1143,tiled
1144,concrete
1145,soft_pvc
1146,concrete
1147,concrete
1148,tiled
1149,fine_concrete
1150,concrete
1151,wood
1152,concrete
1153,carpet
1154,concrete
1155,soft_pvc
1156,wood
1157,wood
1158,concrete
1159,wood
1160,tiled
1161,wood
1162,concrete
1163,soft_pvc
1164,soft_pvc
1165,wood
1166,concrete
1167,concrete
1168,soft_pvc
1169,concrete
1170,carpet
1171,fine_concrete
1172,concrete
1173,tiled
1174,soft_pvc
1175,soft_pvc
1176,fine_concrete
1177,soft_tiles
1178,concrete
1179,soft_tiles
1180,soft_pvc
1181,tiled
1182,concrete
1183,wood
1184,wood
1185,soft_tiles
1186,soft_tiles
1187,concrete
1188,soft_tiles
1189,concrete
1190,concrete
1191,concrete
1192,soft_tiles
1193,concrete
1194,soft_pvc
1195,wood
1196,concrete
1197,concrete
1198,wood
1199,soft_tiles
1200,wood
1201,concrete
1202,carpet
1203,hard_tiles_large_space
1204,wood
1205,concrete
1206,carpet
1207,carpet
1208,concrete
1209,fine_concrete
1210,concrete
1211,carpet
1212,carpet
1213,tiled
1214,soft_tiles
1215,tiled
1216,wood
1217,tiled
1218,soft_tiles
1219,soft_tiles
1220,wood
1221,soft_pvc
1222,concrete
1223,fine_concrete
1224,tiled
1225,soft_tiles
1226,wood
1227,concrete
1228,soft_pvc
1229,concrete
1230,carpet
1231,concrete
1232,concrete
1233,wood
1234,fine_concrete
1235,tiled
1236,soft_pvc
1237,wood
1238,soft_pvc
1239,soft_tiles
1240,wood
1241,carpet
1242,concrete
1243,tiled
1244,tiled
1245,concrete
1246,carpet
1247,concrete
1248,carpet
1249,carpet
1250,concrete
1251,wood
1252,hard_tiles_large_space
1253,concrete
1254,fine_concrete
1255,soft_tiles
1256,concrete
1257,tiled
1258,wood
1259,concrete
1260,soft_pvc
1261,wood
1262,concrete
1263,wood
1264,concrete
1265,wood
1266,soft_pvc
1267,wood
1268,soft_pvc
1269,soft_pvc
1270,tiled
1271,tiled
1272,concrete
1273,fine_concrete
1274,wood
1275,soft_pvc
1276,fine_concrete
1277,concrete
1278,soft_tiles
1279,concrete
1280,concrete
1281,soft_pvc
1282,wood
1283,concrete
1284,wood
1285,tiled
1286,fine_concrete
1287,concrete
1288,fine_concrete
1289,concrete
1290,wood
1291,hard_tiles_large_space
1292,concrete
1293,soft_pvc
1294,soft_pvc
1295,soft_pvc
1296,concrete
1297,soft_pvc
1298,concrete
1299,wood
1300,soft_tiles
1301,soft_pvc
1302,concrete
1303,fine_concrete
1304,concrete
1305,carpet
1306,concrete
1307,hard_tiles_large_space
1308,soft_pvc
1309,soft_tiles
1310,concrete
1311,wood
1312,soft_pvc
1313,tiled
1314,wood
1315,wood
1316,soft_tiles
1317,concrete
1318,tiled
1319,carpet
1320,wood
1321,soft_pvc
1322,concrete
1323,hard_tiles_large_space
1324,wood
1325,tiled
1326,tiled
1327,soft_pvc
1328,concrete
1329,soft_pvc
1330,tiled
1331,tiled
1332,tiled
1333,wood
1334,carpet
1335,wood
1336,concrete
1337,hard_tiles_large_space
1338,tiled
1339,wood
1340,soft_pvc
1341,concrete
1342,wood
1343,wood
1344,soft_pvc
1345,wood
1346,tiled
1347,tiled
1348,soft_tiles
1349,fine_concrete
1350,concrete
1351,wood
1352,fine_concrete
1353,concrete
1354,concrete
1355,soft_tiles
1356,tiled
1357,concrete
1358,soft_tiles
1359,tiled
1360,tiled
1361,wood
1362,soft_pvc
1363,soft_tiles
1364,concrete
1365,carpet
1366,hard_tiles_large_space
1367,wood
1368,concrete
1369,concrete
1370,fine_concrete
1371,concrete
1372,concrete
1373,soft_pvc
1374,soft_pvc
1375,concrete
1376,wood
1377,soft_tiles
1378,concrete
1379,tiled
1380,wood
1381,wood
1382,wood
1383,concrete
1384,soft_pvc
1385,wood
1386,wood
1387,tiled
1388,soft_pvc
1389,concrete
1390,hard_tiles_large_space
1391,soft_pvc
1392,hard_tiles_large_space
1393,soft_tiles
1394,soft_pvc
1395,wood
1396,wood
1397,soft_pvc
1398,tiled
1399,wood
1400,soft_pvc
1401,fine_concrete
1402,wood
1403,wood
1404,concrete
1405,concrete
1406,concrete
1407,concrete
1408,fine_concrete
1409,wood
1410,concrete
1411,concrete
1412,tiled
1413,soft_tiles
1414,concrete
1415,tiled
1416,fine_concrete
1417,tiled
1418,hard_tiles_large_space
1419,soft_pvc
1420,soft_pvc
1421,wood
1422,fine_concrete
1423,soft_tiles
1424,wood
1425,tiled
1426,concrete
1427,wood
1428,wood
1429,soft_pvc
1430,tiled
1431,wood
1432,concrete
1433,wood
1434,tiled
1435,soft_tiles
1436,tiled
1437,wood
1438,soft_pvc
1439,tiled
1440,tiled
1441,soft_tiles
1442,fine_concrete
1443,concrete
1444,fine_concrete
1445,tiled
1446,concrete
1447,soft_pvc
1448,tiled
1449,tiled
1450,hard_tiles_large_space
1451,wood
1452,wood
1453,soft_pvc
1454,concrete
1455,concrete
1456,tiled
1457,hard_tiles_large_space
1458,concrete
1459,concrete
1460,concrete
1461,tiled
1462,soft_tiles
1463,tiled
1464,soft_tiles
1465,wood
1466,wood
1467,wood
1468,concrete
1469,wood
1470,wood
1471,concrete
1472,concrete
1473,hard_tiles_large_space
1474,tiled
1475,wood
1476,soft_pvc
1477,tiled
1478,soft_tiles
1479,soft_pvc
1480,concrete
1481,soft_pvc
1482,soft_pvc
1483,concrete
1484,hard_tiles_large_space
1485,soft_pvc
1486,wood
1487,tiled
1488,soft_pvc
1489,carpet
1490,wood
1491,wood
1492,wood
1493,tiled
1494,concrete
1495,hard_tiles
1496,concrete
1497,soft_tiles
1498,wood
1499,concrete
1500,fine_concrete
1501,concrete
1502,concrete
1503,soft_pvc
1504,tiled
1505,tiled
1506,wood
1507,concrete
1508,hard_tiles_large_space
1509,tiled
1510,carpet
1511,soft_tiles
1512,wood
1513,hard_tiles_large_space
1514,soft_tiles
1515,soft_pvc
1516,tiled
1517,soft_tiles
1518,tiled
1519,concrete
1520,wood
1521,tiled
1522,soft_pvc
1523,wood
1524,concrete
1525,soft_tiles
1526,wood
1527,soft_pvc
1528,concrete
1529,carpet
1530,soft_tiles
1531,soft_tiles
1532,soft_tiles
1533,soft_pvc
1534,wood
1535,wood
1536,soft_pvc
1537,tiled
1538,wood
1539,wood
1540,hard_tiles_large_space
1541,soft_pvc
1542,concrete
1543,fine_concrete
1544,tiled
1545,soft_pvc
1546,concrete
1547,concrete
1548,concrete
1549,soft_pvc
1550,tiled
1551,wood
1552,concrete
1553,carpet
1554,concrete
1555,wood
1556,concrete
1557,carpet
1558,concrete
1559,tiled
1560,carpet
1561,soft_pvc
1562,soft_pvc
1563,soft_tiles
1564,concrete
1565,wood
1566,concrete
1567,tiled
1568,carpet
1569,tiled
1570,concrete
1571,wood
1572,tiled
1573,soft_tiles
1574,wood
1575,tiled
1576,soft_pvc
1577,soft_pvc
1578,soft_pvc
1579,fine_concrete
1580,concrete
1581,concrete
1582,concrete
1583,wood
1584,wood
1585,concrete
1586,tiled
1587,soft_tiles
1588,wood
1589,tiled
1590,soft_pvc
1591,wood
1592,wood
1593,soft_pvc
1594,wood
1595,soft_tiles
1596,wood
1597,soft_pvc
1598,fine_concrete
1599,fine_concrete
1600,wood
1601,tiled
1602,wood
1603,tiled
1604,tiled
1605,tiled
1606,concrete
1607,soft_tiles
1608,concrete
1609,tiled
1610,wood
1611,soft_pvc
1612,carpet
1613,soft_tiles
1614,fine_concrete
1615,wood
1616,soft_pvc
1617,soft_tiles
1618,wood
1619,soft_tiles
1620,soft_tiles
1621,concrete
1622,soft_tiles
1623,fine_concrete
1624,concrete
1625,concrete
1626,soft_tiles
1627,wood
1628,wood
1629,concrete
1630,wood
1631,concrete
1632,wood
1633,tiled
1634,tiled
1635,soft_pvc
1636,tiled
1637,soft_pvc
1638,tiled
1639,soft_tiles
1640,hard_tiles_large_space
1641,concrete
1642,soft_pvc
1643,wood
1644,wood
1645,soft_pvc
1646,wood
1647,wood
1648,wood
1649,wood
1650,soft_tiles
1651,tiled
1652,wood
1653,tiled
1654,tiled
1655,tiled
1656,wood
1657,soft_pvc
1658,soft_tiles
1659,fine_concrete
1660,soft_pvc
1661,tiled
1662,wood
1663,concrete
1664,wood
1665,tiled
1666,soft_tiles
1667,soft_pvc
1668,concrete
1669,hard_tiles_large_space
1670,concrete
1671,soft_pvc
1672,fine_concrete
1673,concrete
1674,fine_concrete
1675,hard_tiles_large_space
1676,soft_pvc
1677,fine_concrete
1678,hard_tiles_large_space
1679,concrete
1680,hard_tiles_large_space
1681,hard_tiles_large_space
1682,tiled
1683,wood
1684,fine_concrete
1685,tiled
1686,carpet
1687,tiled
1688,tiled
1689,concrete
1690,concrete
1691,concrete
1692,soft_tiles
1693,tiled
1694,carpet
1695,concrete
1696,fine_concrete
1697,concrete
1698,wood
1699,carpet
1700,wood
1701,concrete
1702,wood
1703,hard_tiles_large_space
1704,hard_tiles_large_space
1705,wood
1706,wood
1707,concrete
1708,wood
1709,tiled
1710,wood
1711,soft_pvc
1712,concrete
1713,tiled
1714,tiled
1715,wood
1716,soft_pvc
1717,tiled
1718,tiled
1719,concrete
1720,soft_tiles
1721,soft_pvc
1722,soft_pvc
1723,tiled
1724,soft_pvc
1725,concrete
1726,hard_tiles_large_space
1727,concrete
1728,fine_concrete
1729,concrete
1730,hard_tiles_large_space
1731,soft_pvc
1732,soft_tiles
1733,concrete
1734,concrete
1735,concrete
1736,fine_concrete
1737,tiled
1738,carpet
1739,soft_tiles
1740,concrete
1741,soft_pvc
1742,hard_tiles_large_space
1743,hard_tiles_large_space
1744,soft_pvc
1745,wood
1746,hard_tiles_large_space
1747,fine_concrete
1748,wood
1749,wood
1750,wood
1751,concrete
1752,concrete
1753,soft_tiles
1754,fine_concrete
1755,tiled
1756,wood
1757,hard_tiles_large_space
1758,wood
1759,hard_tiles_large_space
1760,concrete
1761,carpet
1762,tiled
1763,tiled
1764,concrete
1765,soft_pvc
1766,hard_tiles_large_space
1767,hard_tiles_large_space
1768,wood
1769,concrete
1770,tiled
1771,concrete
1772,hard_tiles_large_space
1773,wood
1774,wood
1775,carpet
1776,tiled
1777,concrete
1778,tiled
1779,hard_tiles_large_space
1780,wood
1781,wood
1782,soft_pvc
1783,tiled
1784,concrete
1785,fine_concrete
1786,wood
1787,carpet
1788,soft_tiles
1789,soft_pvc
1790,wood
1791,concrete
1792,fine_concrete
1793,soft_pvc
1794,tiled
1795,tiled
1796,concrete
1797,tiled
1798,concrete
1799,hard_tiles_large_space
1800,tiled
1801,concrete
1802,concrete
1803,tiled
1804,soft_pvc
1805,concrete
1806,wood
1807,wood
1808,hard_tiles_large_space
1809,concrete
1810,concrete
1811,concrete
1812,soft_tiles
1813,wood
1814,concrete
1815,tiled
1816,soft_tiles
1817,tiled
1818,wood
1819,concrete
1820,concrete
1821,fine_concrete
1822,wood
1823,tiled
1824,hard_tiles_large_space
1825,hard_tiles_large_space
1826,concrete
1827,wood
1828,hard_tiles_large_space
1829,concrete
1830,wood
1831,carpet
1832,concrete
1833,tiled
1834,fine_concrete
1835,hard_tiles_large_space
1836,carpet
1837,fine_concrete
1838,wood
1839,concrete
1840,wood
1841,soft_pvc
1842,tiled
1843,soft_pvc
1844,concrete
1845,wood
1846,concrete
1847,wood
1848,fine_concrete
1849,concrete
1850,wood
1851,tiled
1852,soft_tiles
1853,soft_pvc
1854,soft_pvc
1855,soft_pvc
1856,wood
1857,carpet
1858,wood
1859,wood
1860,concrete
1861,tiled
1862,concrete
1863,concrete
1864,tiled
1865,fine_concrete
1866,wood
1867,concrete
1868,soft_tiles
1869,wood
1870,soft_tiles
1871,tiled
1872,wood
1873,soft_pvc
1874,fine_concrete
1875,hard_tiles_large_space
1876,wood
1877,concrete
1878,carpet
1879,soft_pvc
1880,wood
1881,wood
1882,fine_concrete
1883,tiled
1884,wood
1885,wood
1886,wood
1887,fine_concrete
1888,concrete
1889,concrete
1890,tiled
1891,concrete
1892,wood
1893,hard_tiles_large_space
1894,wood
1895,carpet
1896,soft_pvc
1897,concrete
1898,soft_pvc
1899,wood
1900,soft_pvc
1901,tiled
1902,concrete
1903,wood
1904,hard_tiles_large_space
1905,fine_concrete
1906,concrete
1907,tiled
1908,tiled
1909,concrete
1910,concrete
1911,tiled
1912,concrete
1913,fine_concrete
1914,concrete
1915,concrete
1916,fine_concrete
1917,concrete
1918,soft_pvc
1919,wood
1920,tiled
1921,concrete
1922,wood
1923,fine_concrete
1924,fine_concrete
1925,soft_pvc
1926,concrete
1927,wood
1928,fine_concrete
1929,fine_concrete
1930,tiled
1931,wood
1932,soft_tiles
1933,wood
1934,tiled
1935,concrete
1936,soft_tiles
1937,wood
1938,concrete
1939,wood
1940,soft_tiles
1941,concrete
1942,soft_tiles
1943,soft_pvc
1944,concrete
1945,fine_concrete
1946,hard_tiles_large_space
1947,soft_pvc
1948,fine_concrete
1949,concrete
1950,soft_tiles
1951,concrete
1952,concrete
1953,soft_tiles
1954,soft_tiles
1955,tiled
1956,wood
1957,fine_concrete
1958,wood
1959,tiled
1960,tiled
1961,wood
1962,wood
1963,soft_tiles
1964,soft_tiles
1965,hard_tiles_large_space
1966,concrete
1967,wood
1968,fine_concrete
1969,soft_tiles
1970,hard_tiles_large_space
1971,wood
1972,tiled
1973,carpet
1974,wood
1975,hard_tiles_large_space
1976,soft_tiles
1977,wood
1978,soft_tiles
1979,soft_tiles
1980,wood
1981,wood
1982,carpet
1983,wood
1984,wood
1985,soft_pvc
1986,concrete
1987,wood
1988,soft_pvc
1989,tiled
1990,tiled
1991,soft_pvc
1992,concrete
1993,soft_tiles
1994,wood
1995,soft_pvc
1996,wood
1997,wood
1998,fine_concrete
1999,concrete
2000,tiled
2001,fine_concrete
2002,concrete
2003,concrete
2004,wood
2005,tiled
2006,tiled
2007,wood
2008,soft_pvc
2009,tiled
2010,hard_tiles_large_space
2011,carpet
2012,concrete
2013,wood
2014,carpet
2015,wood
2016,concrete
2017,tiled
2018,wood
2019,fine_concrete
2020,soft_pvc
2021,carpet
2022,concrete
2023,tiled
2024,hard_tiles
2025,wood
2026,tiled
2027,concrete
2028,wood
2029,carpet
2030,soft_tiles
2031,concrete
2032,soft_pvc
2033,soft_pvc
2034,carpet
2035,tiled
2036,tiled
2037,hard_tiles_large_space
2038,wood
2039,soft_tiles
2040,wood
2041,soft_pvc
2042,hard_tiles_large_space
2043,concrete
2044,wood
2045,soft_pvc
2046,concrete
2047,tiled
2048,wood
2049,soft_tiles
2050,tiled
2051,carpet
2052,concrete
2053,wood
2054,tiled
2055,soft_tiles
2056,soft_pvc
2057,wood
2058,tiled
2059,wood
2060,concrete
2061,wood
2062,wood
2063,concrete
2064,soft_tiles
2065,wood
2066,concrete
2067,wood
2068,wood
2069,hard_tiles_large_space
2070,hard_tiles_large_space
2071,soft_pvc
2072,fine_concrete
2073,wood
2074,carpet
2075,wood
2076,wood
2077,fine_concrete
2078,soft_pvc
2079,fine_concrete
2080,wood
2081,wood
2082,tiled
2083,wood
2084,soft_tiles
2085,hard_tiles_large_space
2086,concrete
2087,hard_tiles_large_space
2088,concrete
2089,wood
2090,hard_tiles_large_space
2091,concrete
2092,concrete
2093,carpet
2094,wood
2095,concrete
2096,soft_pvc
2097,wood
2098,wood
2099,fine_concrete
2100,wood
2101,soft_pvc
2102,concrete
2103,hard_tiles_large_space
2104,wood
2105,fine_concrete
2106,hard_tiles_large_space
2107,concrete
2108,concrete
2109,tiled
2110,wood
2111,wood
2112,wood
2113,hard_tiles_large_space
2114,fine_concrete
2115,soft_tiles
2116,concrete
2117,fine_concrete
2118,wood
2119,concrete
2120,tiled
2121,concrete
2122,tiled
2123,fine_concrete
2124,soft_pvc
2125,concrete
2126,tiled
2127,concrete
2128,tiled
2129,wood
2130,concrete
2131,concrete
2132,soft_tiles
2133,fine_concrete
2134,wood
2135,soft_tiles
2136,concrete
2137,concrete
2138,concrete
2139,soft_pvc
2140,wood
2141,concrete
2142,fine_concrete
2143,tiled
2144,soft_tiles
2145,concrete
2146,hard_tiles_large_space
2147,soft_tiles
2148,tiled
2149,soft_pvc
2150,hard_tiles_large_space
2151,soft_pvc
2152,soft_tiles
2153,wood
2154,soft_tiles
2155,soft_pvc
2156,soft_pvc
2157,tiled
2158,fine_concrete
2159,wood
2160,soft_pvc
2161,fine_concrete
2162,soft_pvc
2163,soft_tiles
2164,wood
2165,tiled
2166,tiled
2167,carpet
2168,concrete
2169,soft_tiles
2170,concrete
2171,wood
2172,carpet
2173,tiled
2174,tiled
2175,tiled
2176,soft_tiles
2177,concrete
2178,wood
2179,tiled
2180,concrete
2181,hard_tiles_large_space
2182,soft_tiles
2183,wood
2184,concrete
2185,soft_pvc
2186,wood
2187,hard_tiles_large_space
2188,wood
2189,wood
2190,soft_tiles
2191,soft_pvc
2192,concrete
2193,soft_tiles
2194,soft_tiles
2195,wood
2196,tiled
2197,soft_tiles
2198,soft_pvc
2199,soft_tiles
2200,tiled
2201,wood
2202,wood
2203,hard_tiles_large_space
2204,concrete
2205,concrete
2206,carpet
2207,concrete
2208,concrete
2209,wood
2210,tiled
2211,soft_pvc
2212,soft_tiles
2213,wood
2214,wood
2215,soft_pvc
2216,wood
2217,hard_tiles_large_space
2218,soft_tiles
2219,wood
2220,soft_tiles
2221,wood
2222,soft_tiles
2223,wood
2224,concrete
2225,soft_pvc
2226,soft_tiles
2227,wood
2228,concrete
2229,wood
2230,tiled
2231,soft_pvc
2232,soft_tiles
2233,concrete
2234,soft_tiles
2235,concrete
2236,tiled
2237,fine_concrete
2238,wood
2239,carpet
2240,tiled
2241,wood
2242,hard_tiles_large_space
2243,concrete
2244,concrete
2245,wood
2246,wood
2247,tiled
2248,tiled
2249,concrete
2250,soft_pvc
2251,soft_pvc
2252,wood
2253,carpet
2254,concrete
2255,soft_pvc
2256,soft_tiles
2257,soft_tiles
2258,tiled
2259,soft_pvc
2260,soft_pvc
2261,wood
2262,soft_pvc
2263,fine_concrete
2264,fine_concrete
2265,wood
2266,concrete
2267,concrete
2268,tiled
2269,soft_pvc
2270,concrete
2271,tiled
2272,soft_pvc
2273,carpet
2274,soft_tiles
2275,soft_tiles
2276,wood
2277,concrete
2278,tiled
2279,fine_concrete
2280,concrete
2281,tiled
2282,concrete
2283,concrete
2284,soft_pvc
2285,concrete
2286,concrete
2287,soft_pvc
2288,wood
2289,soft_tiles
2290,soft_pvc
2291,wood
2292,wood
2293,soft_pvc
2294,soft_tiles
2295,carpet
2296,tiled
2297,wood
2298,wood
2299,carpet
2300,wood
2301,fine_concrete
2302,concrete
2303,fine_concrete
2304,soft_pvc
2305,wood
2306,tiled
2307,tiled
2308,wood
2309,carpet
2310,soft_tiles
2311,wood
2312,tiled
2313,hard_tiles
2314,soft_tiles
2315,wood
2316,concrete
2317,fine_concrete
2318,soft_pvc
2319,soft_pvc
2320,fine_concrete
2321,tiled
2322,concrete
2323,wood
2324,fine_concrete
2325,tiled
2326,carpet
2327,concrete
2328,wood
2329,tiled
2330,fine_concrete
2331,concrete
2332,tiled
2333,fine_concrete
2334,hard_tiles_large_space
2335,tiled
2336,concrete
2337,tiled
2338,concrete
2339,tiled
2340,tiled
2341,concrete
2342,soft_pvc
2343,soft_pvc
2344,tiled
2345,concrete
2346,soft_pvc
2347,soft_tiles
2348,soft_tiles
2349,concrete
2350,concrete
2351,tiled
2352,concrete
2353,tiled
2354,concrete
2355,tiled
2356,concrete
2357,concrete
2358,soft_pvc
2359,concrete
2360,concrete
2361,wood
2362,wood
2363,soft_pvc
2364,soft_pvc
2365,wood
2366,soft_pvc
2367,soft_tiles
2368,soft_tiles
2369,tiled
2370,tiled
2371,carpet
2372,concrete
2373,concrete
2374,carpet
2375,wood
2376,wood
2377,soft_tiles
2378,wood
2379,tiled
2380,tiled
2381,hard_tiles_large_space
2382,wood
2383,soft_pvc
2384,concrete
2385,carpet
2386,fine_concrete
2387,soft_pvc
2388,hard_tiles_large_space
2389,soft_tiles
2390,tiled
2391,concrete
2392,wood
2393,wood
2394,soft_tiles
2395,wood
2396,soft_tiles
2397,wood
2398,concrete
2399,tiled
2400,wood
2401,wood
2402,tiled
2403,concrete
2404,concrete
2405,concrete
2406,soft_tiles
2407,soft_pvc
2408,soft_tiles
2409,wood
2410,tiled
2411,fine_concrete
2412,fine_concrete
2413,soft_pvc
2414,concrete
2415,concrete
2416,tiled
2417,wood
2418,wood
2419,soft_tiles
2420,tiled
2421,tiled
2422,wood
2423,fine_concrete
2424,soft_pvc
2425,hard_tiles_large_space
2426,concrete
2427,concrete
2428,concrete
2429,concrete
2430,tiled
2431,concrete
2432,wood
2433,concrete
2434,wood
2435,concrete
2436,soft_pvc
2437,soft_pvc
2438,tiled
2439,wood
2440,concrete
2441,tiled
2442,soft_tiles
2443,soft_tiles
2444,wood
2445,wood
2446,concrete
2447,wood
2448,concrete
2449,hard_tiles_large_space
2450,tiled
2451,soft_tiles
2452,concrete
2453,concrete
2454,soft_pvc
2455,soft_tiles
2456,fine_concrete
2457,concrete
2458,soft_pvc
2459,wood
2460,soft_pvc
2461,tiled
2462,carpet
2463,carpet
2464,fine_concrete
2465,soft_pvc
2466,wood
2467,concrete
2468,concrete
2469,soft_pvc
2470,concrete
2471,soft_pvc
2472,concrete
2473,soft_pvc
2474,tiled
2475,tiled
2476,concrete
2477,tiled
2478,wood
2479,soft_pvc
2480,concrete
2481,wood
2482,fine_concrete
2483,soft_tiles
2484,soft_tiles
2485,wood
2486,concrete
2487,tiled
2488,concrete
2489,tiled
2490,soft_tiles
2491,concrete
2492,soft_tiles
2493,tiled
2494,concrete
2495,concrete
2496,wood
2497,tiled
2498,wood
2499,wood
2500,soft_tiles
2501,tiled
2502,wood
2503,tiled
2504,soft_pvc
2505,tiled
2506,wood
2507,concrete
2508,concrete
2509,concrete
2510,wood
2511,carpet
2512,hard_tiles_large_space
2513,soft_pvc
2514,concrete
2515,fine_concrete
2516,concrete
2517,wood
2518,soft_pvc
2519,carpet
2520,concrete
2521,wood
2522,soft_pvc
2523,wood
2524,concrete
2525,tiled
2526,soft_pvc
2527,wood
2528,concrete
2529,wood
2530,tiled
2531,carpet
2532,soft_pvc
2533,concrete
2534,wood
2535,soft_pvc
2536,fine_concrete
2537,concrete
2538,concrete
2539,tiled
2540,concrete
2541,concrete
2542,wood
2543,concrete
2544,concrete
2545,carpet
2546,wood
2547,tiled
2548,fine_concrete
2549,soft_tiles
2550,soft_tiles
2551,soft_pvc
2552,carpet
2553,wood
2554,tiled
2555,soft_tiles
2556,soft_tiles
2557,concrete
2558,concrete
2559,concrete
2560,hard_tiles_large_space
2561,soft_pvc
2562,concrete
2563,soft_pvc
2564,concrete
2565,concrete
2566,soft_pvc
2567,concrete
2568,tiled
2569,tiled
2570,wood
2571,fine_concrete
2572,hard_tiles_large_space
2573,tiled
2574,soft_pvc
2575,concrete
2576,concrete
2577,tiled
2578,tiled
2579,concrete
2580,concrete
2581,wood
2582,concrete
2583,soft_pvc
2584,soft_pvc
2585,concrete
2586,tiled
2587,hard_tiles_large_space
2588,concrete
2589,soft_pvc
2590,soft_pvc
2591,wood
2592,tiled
2593,tiled
2594,concrete
2595,tiled
2596,hard_tiles_large_space
2597,wood
2598,wood
2599,wood
2600,soft_pvc
2601,hard_tiles_large_space
2602,hard_tiles
2603,carpet
2604,tiled
2605,wood
2606,tiled
2607,concrete
2608,soft_tiles
2609,soft_pvc
2610,wood
2611,wood
2612,soft_tiles
2613,soft_pvc
2614,soft_pvc
2615,tiled
2616,soft_tiles
2617,wood
2618,wood
2619,concrete
2620,soft_pvc
2621,concrete
2622,concrete
2623,concrete
2624,carpet
2625,tiled
2626,wood
2627,concrete
2628,wood
2629,soft_tiles
2630,soft_pvc
2631,concrete
2632,carpet
2633,wood
2634,tiled
2635,tiled
2636,soft_tiles
2637,soft_pvc
2638,soft_pvc
2639,wood
2640,soft_pvc
2641,fine_concrete
2642,tiled
2643,wood
2644,concrete
2645,soft_pvc
2646,tiled
2647,tiled
2648,fine_concrete
2649,soft_pvc
2650,concrete
2651,soft_tiles
2652,wood
2653,fine_concrete
2654,concrete
2655,concrete
2656,hard_tiles_large_space
2657,concrete
2658,carpet
2659,concrete
2660,fine_concrete
2661,concrete
2662,carpet
2663,soft_pvc
2664,wood
2665,soft_pvc
2666,carpet
2667,hard_tiles
2668,concrete
2669,concrete
2670,soft_pvc
2671,wood
2672,fine_concrete
2673,wood
2674,soft_tiles
2675,wood
2676,fine_concrete
2677,concrete
2678,soft_pvc
2679,soft_tiles
2680,soft_tiles
2681,wood
2682,wood
2683,concrete
2684,fine_concrete
2685,wood
2686,fine_concrete
2687,concrete
2688,hard_tiles_large_space
2689,tiled
2690,soft_tiles
2691,wood
2692,carpet
2693,soft_pvc
2694,tiled
2695,wood
2696,concrete
2697,soft_tiles
2698,soft_pvc
2699,hard_tiles_large_space
2700,soft_tiles
2701,fine_concrete
2702,soft_pvc
2703,soft_pvc
2704,concrete
2705,carpet
2706,wood
2707,concrete
2708,hard_tiles_large_space
2709,hard_tiles_large_space
2710,concrete
2711,concrete
2712,soft_pvc
2713,wood
2714,concrete
2715,soft_pvc
2716,wood
2717,concrete
2718,wood
2719,wood
2720,soft_tiles
2721,soft_tiles
2722,soft_tiles
2723,wood
2724,concrete
2725,wood
2726,wood
2727,wood
2728,soft_pvc
2729,soft_pvc
2730,soft_tiles
2731,soft_pvc
2732,wood
2733,tiled
2734,wood
2735,wood
2736,wood
2737,wood
2738,concrete
2739,tiled
2740,wood
2741,wood
2742,wood
2743,hard_tiles_large_space
2744,concrete
2745,fine_concrete
2746,tiled
2747,concrete
2748,soft_pvc
2749,concrete
2750,soft_pvc
2751,wood
2752,soft_pvc
2753,wood
2754,hard_tiles_large_space
2755,tiled
2756,concrete
2757,concrete
2758,soft_pvc
2759,tiled
2760,concrete
2761,concrete
2762,carpet
2763,tiled
2764,concrete
2765,hard_tiles_large_space
2766,wood
2767,soft_pvc
2768,concrete
2769,concrete
2770,hard_tiles_large_space
2771,concrete
2772,concrete
2773,soft_tiles
2774,concrete
2775,soft_pvc
2776,concrete
2777,concrete
2778,wood
2779,soft_tiles
2780,soft_pvc
2781,wood
2782,concrete
2783,wood
2784,concrete
2785,concrete
2786,soft_pvc
2787,wood
2788,wood
2789,wood
2790,soft_tiles
2791,concrete
2792,fine_concrete
2793,fine_concrete
2794,concrete
2795,concrete
2796,soft_pvc
2797,fine_concrete
2798,tiled
2799,concrete
2800,tiled
2801,concrete
2802,wood
2803,concrete
2804,wood
2805,fine_concrete
2806,concrete
2807,soft_pvc
2808,wood
2809,carpet
2810,tiled
2811,soft_pvc
2812,concrete
2813,wood
2814,hard_tiles_large_space
2815,concrete
2816,concrete
2817,concrete
2818,concrete
2819,wood
2820,wood
2821,concrete
2822,wood
2823,tiled
2824,concrete
2825,concrete
2826,wood
2827,fine_concrete
2828,concrete
2829,hard_tiles_large_space
2830,wood
2831,concrete
2832,soft_tiles
2833,concrete
2834,tiled
2835,soft_tiles
2836,soft_pvc
2837,soft_tiles
2838,soft_pvc
2839,hard_tiles_large_space
2840,tiled
2841,wood
2842,tiled
2843,concrete
2844,tiled
2845,hard_tiles_large_space
2846,fine_concrete
2847,tiled
2848,concrete
2849,hard_tiles_large_space
2850,concrete
2851,concrete
2852,wood
2853,soft_tiles
2854,soft_pvc
2855,soft_pvc
2856,soft_pvc
2857,soft_pvc
2858,tiled
2859,concrete
2860,wood
2861,concrete
2862,concrete
2863,soft_pvc
2864,fine_concrete
2865,soft_tiles
2866,soft_tiles
2867,concrete
2868,soft_pvc
2869,carpet
2870,hard_tiles_large_space
2871,wood
2872,tiled
2873,concrete
2874,soft_pvc
2875,soft_pvc
2876,tiled
2877,fine_concrete
2878,carpet
2879,tiled
2880,tiled
2881,fine_concrete
2882,tiled
2883,carpet
2884,wood
2885,soft_tiles
2886,tiled
2887,concrete
2888,concrete
2889,tiled
2890,hard_tiles_large_space
2891,tiled
2892,concrete
2893,wood
2894,soft_tiles
2895,concrete
2896,concrete
2897,concrete
2898,concrete
2899,tiled
2900,wood
2901,wood
2902,wood
2903,tiled
2904,soft_tiles
2905,concrete
2906,concrete
2907,tiled
2908,concrete
2909,concrete
2910,soft_tiles
2911,tiled
2912,tiled
2913,soft_tiles
2914,hard_tiles_large_space
2915,wood
2916,fine_concrete
2917,concrete
2918,wood
2919,concrete
2920,wood
2921,soft_pvc
2922,tiled
2923,carpet
2924,wood
2925,fine_concrete
2926,concrete
2927,tiled
2928,soft_pvc
2929,carpet
2930,hard_tiles_large_space
2931,carpet
2932,concrete
2933,concrete
2934,soft_pvc
2935,wood
2936,carpet
2937,carpet
2938,tiled
2939,tiled
2940,concrete
2941,concrete
2942,soft_pvc
2943,soft_pvc
2944,wood
2945,tiled
2946,soft_pvc
2947,soft_pvc
2948,tiled
2949,concrete
2950,concrete
2951,wood
2952,hard_tiles_large_space
2953,concrete
2954,soft_tiles
2955,soft_tiles
2956,soft_tiles
2957,concrete
2958,carpet
2959,carpet
2960,concrete
2961,soft_pvc
2962,soft_tiles
2963,wood
2964,wood
2965,tiled
2966,hard_tiles_large_space
2967,carpet
2968,concrete
2969,wood
2970,tiled
2971,tiled
2972,tiled
2973,hard_tiles_large_space
2974,fine_concrete
2975,concrete
2976,tiled
2977,tiled
2978,hard_tiles_large_space
2979,concrete
2980,tiled
2981,wood
2982,soft_pvc
2983,concrete
2984,concrete
2985,concrete
2986,tiled
2987,concrete
2988,wood
2989,soft_pvc
2990,soft_pvc
2991,soft_tiles
2992,concrete
2993,tiled
2994,soft_tiles
2995,concrete
2996,soft_tiles
2997,soft_pvc
2998,tiled
2999,soft_pvc
3000,concrete
3001,wood
3002,concrete
3003,wood
3004,soft_pvc
3005,soft_pvc
3006,soft_tiles
3007,hard_tiles_large_space
3008,tiled
3009,fine_concrete
3010,wood
3011,wood
3012,tiled
3013,concrete
3014,soft_pvc
3015,concrete
3016,carpet
3017,hard_tiles_large_space
3018,fine_concrete
3019,wood
3020,soft_tiles
3021,fine_concrete
3022,soft_pvc
3023,concrete
3024,tiled
3025,concrete
3026,soft_pvc
3027,soft_pvc
3028,tiled
3029,soft_tiles
3030,soft_tiles
3031,tiled
3032,hard_tiles_large_space
3033,tiled
3034,concrete
3035,concrete
3036,wood
3037,tiled
3038,wood
3039,wood
3040,soft_pvc
3041,soft_tiles
3042,tiled
3043,fine_concrete
3044,soft_tiles
3045,soft_pvc
3046,soft_pvc
3047,fine_concrete
3048,soft_pvc
3049,concrete
3050,wood
3051,soft_tiles
3052,soft_tiles
3053,concrete
3054,hard_tiles_large_space
3055,wood
3056,tiled
3057,tiled
3058,concrete
3059,tiled
3060,wood
3061,wood
3062,carpet
3063,carpet
3064,concrete
3065,tiled
3066,soft_tiles
3067,fine_concrete
3068,hard_tiles_large_space
3069,fine_concrete
3070,soft_pvc
3071,soft_tiles
3072,fine_concrete
3073,wood
3074,wood
3075,soft_tiles
3076,soft_tiles
3077,concrete
3078,concrete
3079,wood
3080,soft_pvc
3081,concrete
3082,soft_tiles
3083,concrete
3084,soft_tiles
3085,concrete
3086,soft_tiles
3087,soft_tiles
3088,soft_tiles
3089,fine_concrete
3090,wood
3091,soft_tiles
3092,wood
3093,wood
3094,wood
3095,concrete
3096,carpet
3097,concrete
3098,wood
3099,hard_tiles_large_space
3100,soft_pvc
3101,concrete
3102,concrete
3103,wood
3104,concrete
3105,tiled
3106,tiled
3107,tiled
3108,hard_tiles_large_space
3109,concrete
3110,soft_pvc
3111,tiled
3112,hard_tiles_large_space
3113,wood
3114,wood
3115,fine_concrete
3116,concrete
3117,wood
3118,soft_tiles
3119,soft_tiles
3120,concrete
3121,soft_tiles
3122,fine_concrete
3123,concrete
3124,wood
3125,tiled
3126,soft_tiles
3127,hard_tiles_large_space
3128,tiled
3129,concrete
3130,wood
3131,hard_tiles_large_space
3132,tiled
3133,fine_concrete
3134,soft_tiles
3135,concrete
3136,concrete
3137,carpet
3138,soft_pvc
3139,hard_tiles_large_space
3140,tiled
3141,tiled
3142,soft_tiles
3143,soft_tiles
3144,tiled
3145,tiled
3146,fine_concrete
3147,concrete
3148,tiled
3149,tiled
3150,concrete
3151,soft_pvc
3152,wood
3153,soft_pvc
3154,tiled
3155,concrete
3156,tiled
3157,soft_pvc
3158,wood
3159,concrete
3160,tiled
3161,wood
3162,wood
3163,hard_tiles
3164,wood
3165,hard_tiles_large_space
3166,hard_tiles_large_space
3167,soft_pvc
3168,soft_tiles
3169,carpet
3170,concrete
3171,hard_tiles_large_space
3172,concrete
3173,tiled
3174,fine_concrete
3175,soft_pvc
3176,wood
3177,concrete
3178,fine_concrete
3179,tiled
3180,concrete
3181,concrete
3182,carpet
3183,concrete
3184,soft_pvc
3185,concrete
3186,wood
3187,fine_concrete
3188,soft_tiles
3189,hard_tiles
3190,tiled
3191,fine_concrete
3192,hard_tiles
3193,soft_pvc
3194,soft_pvc
3195,concrete
3196,wood
3197,tiled
3198,hard_tiles_large_space
3199,tiled
3200,tiled
3201,tiled
3202,fine_concrete
3203,soft_pvc
3204,concrete
3205,fine_concrete
3206,concrete
3207,soft_pvc
3208,carpet
3209,soft_tiles
3210,concrete
3211,tiled
3212,concrete
3213,fine_concrete
3214,concrete
3215,hard_tiles_large_space
3216,wood
3217,wood
3218,tiled
3219,concrete
3220,concrete
3221,concrete
3222,wood
3223,tiled
3224,soft_pvc
3225,soft_tiles
3226,wood
3227,wood
3228,tiled
3229,soft_pvc
3230,fine_concrete
3231,soft_tiles
3232,wood
3233,soft_pvc
3234,soft_pvc
3235,soft_tiles
3236,fine_concrete
3237,concrete
3238,concrete
3239,tiled
3240,soft_pvc
3241,wood
3242,tiled
3243,hard_tiles_large_space
3244,tiled
3245,concrete
3246,concrete
3247,soft_pvc
3248,hard_tiles_large_space
3249,concrete
3250,carpet
3251,concrete
3252,tiled
3253,fine_concrete
3254,concrete
3255,tiled
3256,soft_tiles
3257,hard_tiles_large_space
3258,soft_pvc
3259,wood
3260,tiled
3261,fine_concrete
3262,soft_pvc
3263,wood
3264,concrete
3265,concrete
3266,tiled
3267,soft_tiles
3268,soft_tiles
3269,hard_tiles_large_space
3270,wood
3271,soft_tiles
3272,concrete
3273,tiled
3274,tiled
3275,tiled
3276,soft_tiles
3277,wood
3278,soft_pvc
3279,wood
3280,wood
3281,hard_tiles_large_space
3282,wood
3283,concrete
3284,concrete
3285,soft_pvc
3286,wood
3287,tiled
3288,concrete
3289,soft_tiles
3290,carpet
3291,concrete
3292,tiled
3293,carpet
3294,wood
3295,concrete
3296,tiled
3297,hard_tiles_large_space
3298,soft_pvc
3299,tiled
3300,concrete
3301,soft_tiles
3302,tiled
3303,concrete
3304,wood
3305,carpet
3306,concrete
3307,fine_concrete
3308,soft_pvc
3309,tiled
3310,soft_pvc
3311,fine_concrete
3312,wood
3313,wood
3314,wood
3315,wood
3316,soft_tiles
3317,tiled
3318,concrete
3319,wood
3320,concrete
3321,soft_pvc
3322,concrete
3323,soft_pvc
3324,soft_pvc
3325,fine_concrete
3326,concrete
3327,wood
3328,fine_concrete
3329,fine_concrete
3330,soft_pvc
3331,wood
3332,tiled
3333,soft_tiles
3334,soft_pvc
3335,wood
3336,tiled
3337,soft_pvc
3338,wood
3339,fine_concrete
3340,wood
3341,wood
3342,concrete
3343,soft_tiles
3344,soft_tiles
3345,wood
3346,soft_tiles
3347,wood
3348,tiled
3349,concrete
3350,tiled
3351,soft_tiles
3352,fine_concrete
3353,carpet
3354,soft_tiles
3355,tiled
3356,soft_pvc
3357,concrete
3358,concrete
3359,concrete
3360,concrete
3361,fine_concrete
3362,hard_tiles_large_space
3363,wood
3364,tiled
3365,tiled
3366,fine_concrete
3367,wood
3368,soft_tiles
3369,wood
3370,hard_tiles_large_space
3371,hard_tiles_large_space
3372,tiled
3373,hard_tiles_large_space
3374,tiled
3375,soft_pvc
3376,concrete
3377,concrete
3378,wood
3379,soft_tiles
3380,concrete
3381,tiled
3382,concrete
3383,concrete
3384,wood
3385,fine_concrete
3386,wood
3387,soft_pvc
3388,concrete
3389,wood
3390,fine_concrete
3391,concrete
3392,concrete
3393,wood
3394,concrete
3395,soft_tiles
3396,concrete
3397,soft_tiles
3398,soft_pvc
3399,tiled
3400,carpet
3401,wood
3402,soft_tiles
3403,concrete
3404,concrete
3405,tiled
3406,wood
3407,wood
3408,soft_pvc
3409,concrete
3410,wood
3411,hard_tiles_large_space
3412,wood
3413,soft_pvc
3414,fine_concrete
3415,wood
3416,soft_tiles
3417,concrete
3418,soft_pvc
3419,tiled
3420,concrete
3421,wood
3422,wood
3423,wood
3424,soft_pvc
3425,soft_pvc
3426,concrete
3427,hard_tiles_large_space
3428,concrete
3429,fine_concrete
3430,concrete
3431,wood
3432,tiled
3433,wood
3434,carpet
3435,fine_concrete
3436,wood
3437,carpet
3438,soft_pvc
3439,tiled
3440,wood
3441,soft_tiles
3442,wood
3443,fine_concrete
3444,wood
3445,wood
3446,soft_tiles
3447,wood
3448,wood
3449,carpet
3450,soft_pvc
3451,concrete
3452,soft_pvc
3453,wood
3454,concrete
3455,soft_tiles
3456,concrete
3457,wood
3458,wood
3459,soft_pvc
3460,wood
3461,fine_concrete
3462,wood
3463,hard_tiles_large_space
3464,wood
3465,soft_pvc
3466,soft_pvc
3467,soft_pvc
3468,soft_tiles
3469,tiled
3470,fine_concrete
3471,wood
3472,tiled
3473,concrete
3474,tiled
3475,tiled
3476,soft_tiles
3477,carpet
3478,wood
3479,soft_pvc
3480,soft_tiles
3481,hard_tiles_large_space
3482,fine_concrete
3483,wood
3484,concrete
3485,concrete
3486,concrete
3487,soft_pvc
3488,fine_concrete
3489,carpet
3490,fine_concrete
3491,concrete
3492,soft_tiles
3493,soft_tiles
3494,tiled
3495,tiled
3496,soft_pvc
3497,soft_tiles
3498,tiled
3499,wood
3500,wood
3501,wood
3502,tiled
3503,fine_concrete
3504,carpet
3505,wood
3506,concrete
3507,tiled
3508,wood
3509,soft_pvc
3510,tiled
3511,concrete
3512,soft_pvc
3513,carpet
3514,soft_pvc
3515,soft_tiles
3516,wood
3517,tiled
3518,carpet
3519,concrete
3520,wood
3521,soft_pvc
3522,wood
3523,tiled
3524,soft_pvc
3525,carpet
3526,concrete
3527,carpet
3528,wood
3529,concrete
3530,concrete
3531,concrete
3532,fine_concrete
3533,tiled
3534,concrete
3535,wood
3536,concrete
3537,carpet
3538,concrete
3539,wood
3540,hard_tiles_large_space
3541,tiled
3542,soft_pvc
3543,concrete
3544,hard_tiles_large_space
3545,soft_pvc
3546,hard_tiles
3547,soft_pvc
3548,tiled
3549,soft_tiles
3550,concrete
3551,carpet
3552,concrete
3553,soft_tiles
3554,hard_tiles_large_space
3555,fine_concrete
3556,wood
3557,soft_pvc
3558,wood
3559,soft_pvc
3560,soft_tiles
3561,wood
3562,hard_tiles_large_space
3563,concrete
3564,fine_concrete
3565,soft_tiles
3566,concrete
3567,soft_pvc
3568,wood
3569,tiled
3570,tiled
3571,wood
3572,tiled
3573,soft_pvc
3574,concrete
3575,carpet
3576,carpet
3577,wood
3578,wood
3579,soft_pvc
3580,soft_pvc
3581,fine_concrete
3582,concrete
3583,soft_pvc
3584,concrete
3585,tiled
3586,wood
3587,soft_tiles
3588,soft_pvc
3589,tiled
3590,concrete
3591,wood
3592,concrete
3593,concrete
3594,concrete
3595,concrete
3596,soft_tiles
3597,concrete
3598,soft_tiles
3599,tiled
3600,concrete
3601,soft_tiles
3602,concrete
3603,wood
3604,soft_tiles
3605,concrete
3606,concrete
3607,wood
3608,wood
3609,wood
3610,soft_tiles
3611,soft_tiles
3612,soft_pvc
3613,fine_concrete
3614,concrete
3615,wood
3616,tiled
3617,soft_tiles
3618,soft_tiles
3619,soft_pvc
3620,tiled
3621,soft_pvc
3622,carpet
3623,concrete
3624,wood
3625,tiled
3626,soft_tiles
3627,fine_concrete
3628,soft_pvc
3629,tiled
3630,wood
3631,concrete
3632,concrete
3633,soft_tiles
3634,soft_pvc
3635,wood
3636,soft_pvc
3637,tiled
3638,concrete
3639,tiled
3640,fine_concrete
3641,soft_pvc
3642,concrete
3643,soft_tiles
3644,concrete
3645,tiled
3646,tiled
3647,concrete
3648,soft_tiles
3649,hard_tiles_large_space
3650,soft_pvc
3651,concrete
3652,wood
3653,wood
3654,concrete
3655,soft_tiles
3656,carpet
3657,concrete
3658,concrete
3659,tiled
3660,soft_tiles
3661,wood
3662,fine_concrete
3663,concrete
3664,soft_pvc
3665,concrete
3666,wood
3667,concrete
3668,wood
3669,concrete
3670,concrete
3671,wood
3672,concrete
3673,soft_pvc
3674,concrete
3675,concrete
3676,soft_pvc
3677,hard_tiles_large_space
3678,wood
3679,soft_tiles
3680,concrete
3681,concrete
3682,tiled
3683,hard_tiles_large_space
3684,soft_pvc
3685,tiled
3686,wood
3687,concrete
3688,tiled
3689,soft_tiles
3690,soft_tiles
3691,concrete
3692,concrete
3693,soft_tiles
3694,soft_pvc
3695,wood
3696,soft_tiles
3697,tiled
3698,hard_tiles_large_space
3699,wood
3700,wood
3701,tiled
3702,soft_pvc
3703,soft_pvc
3704,soft_tiles
3705,tiled
3706,wood
3707,wood
3708,concrete
3709,concrete
3710,wood
3711,concrete
3712,wood
3713,tiled
3714,soft_tiles
3715,concrete
3716,soft_tiles
3717,concrete
3718,soft_pvc
3719,soft_pvc
3720,soft_pvc
3721,fine_concrete
3722,tiled
3723,hard_tiles_large_space
3724,soft_pvc
3725,soft_pvc
3726,wood
3727,fine_concrete
3728,soft_pvc
3729,concrete
3730,fine_concrete
3731,tiled
3732,soft_pvc
3733,wood
3734,soft_pvc
3735,tiled
3736,soft_pvc
3737,tiled
3738,soft_pvc
3739,soft_pvc
3740,hard_tiles_large_space
3741,tiled
3742,tiled
3743,concrete
3744,wood
3745,soft_pvc
3746,concrete
3747,soft_tiles
3748,soft_tiles
3749,concrete
3750,wood
3751,tiled
3752,concrete
3753,soft_pvc
3754,soft_tiles
3755,wood
3756,wood
3757,concrete
3758,carpet
3759,wood
3760,concrete
3761,concrete
3762,soft_tiles
3763,wood
3764,tiled
3765,soft_tiles
3766,soft_tiles
3767,tiled
3768,soft_tiles
3769,tiled
3770,soft_tiles
3771,soft_pvc
3772,soft_tiles
3773,fine_concrete
3774,concrete
3775,tiled
3776,tiled
3777,soft_pvc
3778,tiled
3779,concrete
3780,wood
3781,soft_pvc
3782,concrete
3783,wood
3784,wood
3785,wood
3786,soft_pvc
3787,soft_tiles
3788,tiled
3789,soft_tiles
3790,concrete
3791,tiled
3792,fine_concrete
3793,wood
3794,wood
3795,concrete
3796,wood
3797,hard_tiles_large_space
3798,concrete
3799,concrete
3800,soft_tiles
3801,soft_pvc
3802,wood
3803,tiled
3804,wood
3805,fine_concrete
3806,wood
3807,tiled
3808,soft_tiles
3809,carpet
3810,soft_tiles
3811,tiled
3812,tiled
3813,carpet
3814,soft_tiles
3815,soft_pvc
